x,y,z
1.1000,-2.5000,0.0000
1.0554,-2.2826,0.2331
0.9630,-2.0652,0.4472
0.8286,-1.8478,0.6328
0.6603,-1.6304,0.7820
0.4672,-1.4130,0.8891
0.2594,-1.1957,0.9505
0.0474,-0.9783,0.9649
-0.1587,-0.7609,0.9336
-0.3491,-0.5435,0.8597
-0.5154,-0.3261,0.7484
-0.6507,-0.1087,0.6065
-0.7497,0.1087,0.4422
-0.8093,0.3261,0.2642
-0.8282,0.5435,0.0815
-0.8073,0.7609,-0.0967
-0.7493,0.9783,-0.2623
-0.6589,1.1957,-0.4076
-0.5417,1.4130,-0.5268
-0.4048,1.6304,-0.6153
-0.2558,1.8478,-0.6702
-0.1024,2.0652,-0.6907
0.0476,2.2826,-0.6775
0.1872,2.5000,-0.6329
